day_type,team,role_type,role_detail,start_time,end_time
Monday,Green,Attending,Attending,07:00,15:00
Monday,Green,Attending,Attending,15:00,23:00
Monday,Green,Attending,Attending,23:00,07:00
Monday,Green,PA,Mid-Level,07:00,19:00
Monday,Green,PA,Mid-Level,07:00,19:00
Monday,Green,PA,Mid-Level,19:00,07:00
Monday,Green,PA,Mid-Level,19:00,05:00
Monday,Green,Resident,EM1/OS,09:00,19:00
Monday,Green,Resident,EM1/OS,19:00,07:00
Monday,Red,Attending,Attending,07:00,15:00
Monday,Red,Attending,Attending,15:00,23:00
Monday,Red,Attending,Attending,23:00,07:00
Monday,Red,Resident,Senior,07:00,15:00
Monday,Red,Resident,Senior,15:00,23:00
Monday,Red,Resident,Senior,23:00,07:00
Monday,Red,Resident,EM2/3,07:00,15:00
Monday,Red,Resident,EM2/3,15:00,23:00
Monday,Red,Resident,EM2/3,23:00,07:00
Monday,Red,Resident,EM1/OS,07:00,15:00
Monday,Red,Resident,EM1/OS,15:00,23:00
Monday,Red,Resident,EM1/OS,23:00,07:00
Monday,Red,Resident,EM1/OS,07:00,15:00
Monday,Red,Resident,EM2/3,15:00,23:00
Monday,FastTrack,Attending,Attending,09:00,17:00
Monday,FastTrack,Attending,Attending,17:00,01:00
Monday,FastTrack,PA,PA-Prim,07:00,19:00
Monday,FastTrack,PA,PA-Prim,07:00,19:00
Monday,FastTrack,PA,PA-Prim,19:00,23:00
Monday,FastTrack,PA,PA-Red,19:00,07:00
Monday,FastTrack,PA,PA-Prim,11:00,23:00
Monday,FastTrack,Resident,EM3/4-Green,23:00,07:00
Monday,ERU,Attending,Attending,09:00,17:00
Monday,ERU,Attending,Attending,17:00,01:00
Monday,ERU,Resident,EM2/3,07:00,15:00
Monday,ERU,Resident,EM2/3,15:00,23:00
Monday,ERU,Resident,EM2/3,23:00,07:00
Monday,ERU,Resident,EM1,14:00,22:00
Monday,ERU,Resident,EM4,14:00,22:00
Monday,Blue,Attending,Attending,09:00,17:00
Monday,Blue,Attending,Attending,17:00,01:00
Monday,Blue,PA,Mid-Level,09:00,21:00
Monday,Blue,PA,Mid-Level,11:00,23:00
Tuesday,Green,Attending,Attending,07:00,15:00
Tuesday,Green,Attending,Attending,15:00,23:00
Tuesday,Green,Attending,Attending,23:00,07:00
Tuesday,Green,PA,Mid-Level,07:00,19:00
Tuesday,Green,PA,Mid-Level,07:00,19:00
Tuesday,Green,PA,Mid-Level,19:00,07:00
Tuesday,Green,Resident,OS,19:00,07:00
Tuesday,Green,Resident,EM1/OS,09:00,19:00
Tuesday,Green,Resident,OS,19:00,07:00
Tuesday,Red,Attending,Attending,07:00,15:00
Tuesday,Red,Attending,Attending,15:00,23:00
Tuesday,Red,Attending,Attending,23:00,07:00
Tuesday,Red,Resident,Senior,07:00,15:00
Tuesday,Red,Resident,Senior,15:00,23:00
Tuesday,Red,Resident,EM2/3,07:00,15:00
Tuesday,Red,Resident,EM3/4,15:00,23:00
Tuesday,Red,Resident,EM1/OS,07:00,15:00
Tuesday,Red,Resident,EM2/3,15:00,23:00
Tuesday,Red,PA,PA,19:00,07:00
Tuesday,Red,Resident,EM1/OS,07:00,19:00
Tuesday,Red,Resident,OS,19:00,07:00
Tuesday,FastTrack,Attending,Attending,09:00,17:00
Tuesday,FastTrack,Attending,Attending,17:00,01:00
Tuesday,FastTrack,PA,PA-Prim,07:00,19:00
Tuesday,FastTrack,PA,PA-Prim,07:00,19:00
Tuesday,FastTrack,PA,PA-Prim,19:00,23:00
Tuesday,FastTrack,PA,PA-Red,19:00,07:00
Tuesday,FastTrack,PA,PA-Prim,11:00,23:00
Tuesday,FastTrack,Resident,OS-Green,23:00,07:00
Tuesday,ERU,Attending,Attending,09:00,17:00
Tuesday,ERU,Attending,Attending,17:00,01:00
Tuesday,ERU,Resident,EM2/3,07:00,15:00
Tuesday,ERU,Resident,EM2/3,15:00,23:00
Tuesday,ERU,PA,PA,23:00,07:00
Tuesday,ERU,Resident,EM1,14:00,22:00
Tuesday,ERU,Resident,EM4,14:00,22:00
Tuesday,Blue,Attending,Attending,09:00,17:00
Tuesday,Blue,Attending,Attending,17:00,01:00
Tuesday,Blue,PA,Mid-Level,09:00,21:00
Tuesday,Blue,PA,Mid-Level,11:00,23:00
Wednesday,Green,Attending,Attending,07:00,15:00
Wednesday,Green,Attending,Attending,15:00,23:00
Wednesday,Green,Attending,Attending,23:00,07:00
Wednesday,Green,PA,Mid-Level,07:00,19:00
Wednesday,Green,PA,Mid-Level,07:00,19:00
Wednesday,Green,Resident,EM1,19:00,07:00
Wednesday,Green,PA,Mid-Level,19:00,05:00
Wednesday,Green,PA,PA,09:00,21:00
Wednesday,Green,Resident,EM1/OS,19:00,07:00
Wednesday,Red,Attending,Attending,07:00,15:00
Wednesday,Red,Attending,Attending,15:00,23:00
Wednesday,Red,Attending,Attending,23:00,07:00
Wednesday,Red,Resident,Senior,15:00,23:00
Wednesday,Red,Resident,Senior,23:00,07:00
Wednesday,Red,PA,PA,07:00,15:00
Wednesday,Red,Resident,EM2,15:00,23:00
Wednesday,Red,Resident,EM2/3,23:00,07:00
Wednesday,Red,Resident,PA,07:00,19:00
Wednesday,Red,Resident,EM1/OS,15:00,23:00
Wednesday,Red,Resident,EM1/OS,23:00,07:00
Wednesday,Red,Resident,OS,10:00,19:00
Wednesday,FastTrack,Attending,Attending,09:00,17:00
Wednesday,FastTrack,Attending,Attending,17:00,01:00
Wednesday,FastTrack,PA,PA-Prim,07:00,19:00
Wednesday,FastTrack,PA,PA-Prim,07:00,19:00
Wednesday,FastTrack,PA,PA-Prim,19:00,23:00
Wednesday,FastTrack,PA,PA-Red,19:00,07:00
Wednesday,FastTrack,Resident,EM3/4-Green,19:00,07:00
Wednesday,ERU,Attending,Attending,09:00,17:00
Wednesday,ERU,Attending,Attending,17:00,01:00
Wednesday,ERU,PA,PA,07:00,15:00
Wednesday,ERU,Resident,EM3/4,15:00,23:00
Wednesday,ERU,Resident,EM3/4,23:00,07:00
Wednesday,ERU,PA,PA,07:00,15:00
Wednesday,Blue,Attending,Attending,09:00,17:00
Wednesday,Blue,Attending,Attending,17:00,01:00
Wednesday,Blue,PA,Mid-Level,09:00,21:00
Wednesday,Blue,PA,Mid-Level,11:00,23:00
Thursday,Green,Attending,Attending,07:00,15:00
Thursday,Green,Attending,Attending,15:00,23:00
Thursday,Green,Attending,Attending,23:00,07:00
Thursday,Green,PA,Mid-Level,07:00,19:00
Thursday,Green,PA,Mid-Level,07:00,19:00
Thursday,Green,Resident,EM1,19:00,07:00
Thursday,Green,Resident,EM1/OS,19:00,07:00
Thursday,Green,Resident,EM1/OS,09:00,19:00
Thursday,Green,Resident,EM1/OS,19:00,07:00
Thursday,Red,Attending,Attending,07:00,15:00
Thursday,Red,Attending,Attending,15:00,23:00
Thursday,Red,Attending,Attending,23:00,07:00
Thursday,Red,Resident,Senior,07:00,15:00
Thursday,Red,Resident,Senior,15:00,23:00
Thursday,Red,Resident,Senior,23:00,07:00
Thursday,Red,Resident,EM2/3,07:00,15:00
Thursday,Red,Resident,EM2/3,15:00,23:00
Thursday,Red,Resident,EM2/3,23:00,07:00
Thursday,Red,Resident,EM1/OS,07:00,15:00
Thursday,Red,Resident,EM1/OS,15:00,23:00
Thursday,Red,Resident,EM1/OS,23:00,07:00
Thursday,Red,Resident,EM1/OS,07:00,15:00
Thursday,Red,Resident,EM1/OS,15:00,23:00
Thursday,FastTrack,Attending,Attending,09:00,17:00
Thursday,FastTrack,Attending,Attending,17:00,01:00
Thursday,FastTrack,PA,PA-Prim,07:00,19:00
Thursday,FastTrack,PA,PA-Prim,07:00,19:00
Thursday,FastTrack,PA,PA-Prim,19:00,23:00
Thursday,FastTrack,PA,PA-Red,19:00,07:00
Thursday,FastTrack,PA,PA-Green,19:00,07:00
Thursday,ERU,Attending,Attending,09:00,17:00
Thursday,ERU,Attending,Attending,17:00,01:00
Thursday,ERU,Resident,EM2/3,07:00,15:00
Thursday,ERU,Resident,EM2/3,15:00,23:00
Thursday,ERU,Resident,EM2/3,23:00,07:00
Thursday,ERU,Resident,EM1/OS,14:00,22:00
Thursday,ERU,Resident,EM4,14:00,22:00
Thursday,Blue,Attending,Attending,09:00,17:00
Thursday,Blue,Attending,Attending,17:00,01:00
Thursday,Blue,Resident,EM3/4,09:00,21:00
Thursday,Blue,Resident,EM3/4,11:00,23:00
Friday,Green,Attending,Attending,07:00,15:00
Friday,Green,Attending,Attending,15:00,23:00
Friday,Green,Attending,Attending,23:00,07:00
Friday,Green,PA,Mid-Level,07:00,19:00
Friday,Green,PA,Mid-Level,07:00,19:00
Friday,Green,Resident,EM1/OS,19:00,07:00
Friday,Green,Resident,EM2,19:00,07:00
Friday,Green,Resident,EM1/OS,09:00,19:00
Friday,Red,Attending,Attending,07:00,15:00
Friday,Red,Attending,Attending,15:00,23:00
Friday,Red,Attending,Attending,23:00,07:00
Friday,Red,Resident,Senior,07:00,15:00
Friday,Red,Resident,Senior,15:00,23:00
Friday,Red,Resident,Senior,23:00,07:00
Friday,Red,Resident,EM1/OS,07:00,19:00
Friday,Red,Resident,EM1/OS,19:00,07:00
Friday,Red,Resident,EM1/2,07:00,19:00
Friday,Red,Resident,EM2/3,19:00,07:00
Friday,Red,Resident,EM1/OS,07:00,19:00
Friday,FastTrack,Attending,Attending,09:00,17:00
Friday,FastTrack,Attending,Attending,17:00,01:00
Friday,FastTrack,PA,PA-Prim,07:00,19:00
Friday,FastTrack,PA,PA-Prim,07:00,19:00
Friday,FastTrack,Resident,EM1/OS-Red,19:00,07:00
Friday,FastTrack,PA,PA-Green,19:00,07:00
Friday,ERU,Attending,Attending,09:00,17:00
Friday,ERU,Attending,Attending,17:00,01:00
Friday,ERU,Resident,EM2/3,07:00,15:00
Friday,ERU,Resident,EM2/3,15:00,23:00
Friday,ERU,Resident,EM2/3,23:00,07:00
Friday,ERU,Resident,EM1/OS,14:00,22:00
Friday,ERU,Resident,EM4,14:00,22:00
Friday,Blue,Attending,Attending,09:00,17:00
Friday,Blue,Attending,Attending,17:00,01:00
Friday,Blue,Resident,EM3/4,09:00,21:00
Friday,Blue,Resident,EM3/4,11:00,23:00
Saturday,Green,Attending,Attending,07:00,15:00
Saturday,Green,Attending,Attending,15:00,23:00
Saturday,Green,Attending,Attending,23:00,07:00
Saturday,Green,PA,Mid-Level,07:00,19:00
Saturday,Green,PA,Mid-Level,11:00,20:00
Saturday,Green,Resident,EM1/OS,07:00,19:00
Saturday,Green,Resident,EM1/OS,19:00,07:00
Saturday,Green,Resident,EM2,19:00,07:00
Saturday,Red,Attending,Attending,07:00,15:00
Saturday,Red,Attending,Attending,15:00,23:00
Saturday,Red,Attending,Attending,23:00,07:00
Saturday,Red,Resident,Senior,07:00,19:00
Saturday,Red,Resident,Senior,19:00,07:00
Saturday,Red,Resident,EM1/OS,07:00,19:00
Saturday,Red,Resident,EM1/OS,19:00,07:00
Saturday,Red,Resident,EM2,07:00,19:00
Saturday,Red,Resident,EM3,19:00,07:00
Saturday,Red,Resident,EM1/OS,15:00,23:00
Saturday,FastTrack,Attending,Attending,09:00,17:00
Saturday,FastTrack,Attending,Attending,17:00,01:00
Saturday,FastTrack,PA,PA-Prim,07:00,19:00
Saturday,FastTrack,Resident,EM2-Green,19:00,07:00
Saturday,FastTrack,PA,Mid-Level,09:00,21:00
Saturday,FastTrack,Resident,EM1/OS-Red,19:00,07:00
Saturday,FastTrack,PA,Mid-Level,11:00,15:00
Saturday,FastTrack,PA,Mid-Level,15:00,19:00
Saturday,ERU,Attending,Attending,11:00,19:00
Saturday,ERU,Resident,EM3/4,07:00,15:00
Saturday,ERU,Resident,EM3/4,15:00,23:00
Saturday,ERU,Resident,EM3/4,23:00,07:00
Sunday,Green,Attending,Attending,07:00,15:00
Sunday,Green,Attending,Attending,15:00,23:00
Sunday,Green,Attending,Attending,23:00,07:00
Sunday,Green,PA,Mid-Level,07:00,19:00
Sunday,Green,PA,Mid-Level,11:00,20:00
Sunday,Green,PA,Mid-Level,07:00,19:00
Sunday,Green,Resident,EM1/OS,19:00,07:00
Sunday,Green,Resident,EM2/3,19:00,07:00
Sunday,Red,Attending,Attending,07:00,15:00
Sunday,Red,Attending,Attending,15:00,23:00
Sunday,Red,Attending,Attending,23:00,07:00
Sunday,Red,Resident,Senior,07:00,19:00
Sunday,Red,Resident,Senior,19:00,07:00
Sunday,Red,Resident,EM1/OS,07:00,19:00
Sunday,Red,Resident,EM1/OS,19:00,07:00
Sunday,Red,Resident,EM2,07:00,19:00
Sunday,Red,Resident,EM1,19:00,07:00
Sunday,Red,Resident,EM1/OS,15:00,23:00
Sunday,Red,Resident,EM3,23:00,07:00
Sunday,FastTrack,Attending,Attending,09:00,17:00
Sunday,FastTrack,Attending,Attending,17:00,01:00
Sunday,FastTrack,PA,PA-Prim,07:00,19:00
Sunday,FastTrack,Resident,EM1-Green,19:00,07:00
Sunday,FastTrack,PA,Mid-Level,09:00,21:00
Sunday,FastTrack,PA,Mid-Level,15:00,23:00
Sunday,ERU,Attending,Attending,11:00,19:00
Sunday,ERU,Resident,EM3/4,07:00,15:00
Sunday,ERU,Resident,EM3/4,15:00,23:00
Sunday,ERU,Resident,EM3/4,23:00,07:00